associativity,hit_ratio,amat
1,0.8125,19.75
2,0.8203125,18.96875
4,0.81796875,19.203125
8,0.81640625,19.359375
16,0.81640625,19.359375
