block_size,hit_ratio,amat
8,0.71171875,29.828125
16,0.76796875,24.203125
32,0.79453125,21.546875
64,0.80390625,20.609375
128,0.81015625,19.984375
