policy,hit_ratio,amat
LRU,0.79609375,21.390625
FIFO,0.79609375,21.390625
Random,0.790625,21.9375
LFU,0.7921875,21.78125
